{"pages": [{"page_number": 1, "label_boxes": [{"label": "Picture", "box": [24.413036089390516, 0.0, 1683.128398656845, 1955.4378151893616], "confidence": 0.28456008434295654}]}, {"page_number": 2, "label_boxes": [{"label": "Picture", "box": [0.0, 459.9093437194824, 1699.9998986721039, 1735.7949614524841], "confidence": 0.7249505519866943}]}], "topic": {}, "docid": "18536d0d-b0f8-4123-87be-4404574eedbc"}