{"pages": [{"page_number": 1, "label_boxes": [{"label": "Picture", "box": [0.0, 459.6267580986023, 1699.9998986721039, 1741.0850167274475], "confidence": 0.679203450679779}]}, {"page_number": 2, "label_boxes": [{"label": "Picture", "box": [0.8977174642495811, 459.56342220306396, 1699.9998986721039, 1735.4743480682373], "confidence": 0.710365355014801}]}], "topic": {}, "docid": "7c229928-6e2f-43cf-8f35-f442737c45d0"}